Titulo,Subtitulo,Noticia,Categoria,Data,Autor,URL,Classe
"

Bandeira da China foi hasteada no lugar da brasileira entre Votuporanga e Sebastianópolis do Sul (São Paulo) #boato 
","Boato – Vídeo mostra que chineses já estão dominando o país. A prova é que a bandeira da China foi hasteada no lugar da brasileira em um ponto entre Sebastianópolis do Sul e Votuporanga, em São Paulo.",versão votuporanga paulo comunismo o vapor brasil – cidade interior sp votuporanga amanhecer o bandeiro chino mastro entrar cidade o o cenário atual brasil governador e prefeito ditar ordem comunista irar chegar governo brasileiro apologia governar genocida ceifar milhar vidar cristão vergonha nacionalversão o chino dominar o interior paulo cidade sebastianópolis sul o votuporanga sp versão bandeiro chino fincar território brasileiro paulo o chino pra o acontecer … dormir passar horar acordar versão “ submissão ” o palavra corretar chino existir o bandeiro brasil exposto algum mastro chinês acordar brasileiro chino existir o bandeiro brasil exposto algum mastro chinês acordar brasileiro,brasil,03/04/2021,"
Edgard Matsuki ",https://www.boatos.org/brasil/bandeira-china-hasteada-lugar-brasileira-votuporanga-sebastianopolis-do-sul-sao-paulo.html,0.0
Um dia com Collor: senador promove sorteio nas redes sociais para passeio em Brasília e café na Casa da Dinda,,"O senador Fernando Collor (Pros-AL) anunciou em seu Twitter, neste domingo, que vai promover um sorteio para levar um seguidor para passear em Brasília ao seu lado. Intitulada “Um dia no Senado com Collor”, a campanha promete um tour completo para conhecer a rotina do senador no Congresso. “Nos próximos dias, vamos anunciar como se inscrever e participar dessa experiência”, informou. Entre os benefícios, o ganhador terá passagem de ida e volta para a capital, hospedagem paga, tour pelos corredores da Casa, uma visita ao gabinete de Collor, além de um café na Casa da Dinda, famosa residência de Collor enquanto presidente da República, localizada no Lago Norte, bairro nobre de Brasília. O vencedor ainda vai poder acompanhar uma sessão no Senado e na Comissão de Desenvolvimento Regional e Turismo. None None None None",brasil, Publicado em  09/03/21 19:43 ,Filipe Vidon,https://extra.globo.com/noticias/brasil/um-dia-com-collor-senador-promove-sorteio-nas-redes-sociais-para-passeio-em-brasilia-cafe-na-casa-da-dinda-24917188.html,1.0
"

Mar de Santos se acende pelo terceiro dia seguido em 2019 #boato 
",Boato – Fenômeno da bioluminescência aparece em Santos e faz mar se acender por três dias seguidos em julho de 2019. Fotos mostram o fenômeno. ,versão mar santo acender dia seguir fenômeno deixar o água azul fluorescente bioluminescência o natureza esplendor beleza … encher olho lagrimas palavra … feliz julho 2019.deus abençoar versão o mar santo acender dia seguir fenômeno deixar o água azul fluorescente bioluminescência o natureza esplendor beleza julho,ciência,,"
Carol Lira ",https://www.boatos.org/ciencia/mar-santos-acende-2019-bioluminescencia.html,0.0
Vacina da Pfizer contra a Covid-19 começa a ser testada em grávidas,Empresas recrutam 4 mil mulheres em teste que irá avaliar a segurança e a eficácia. Outros estudos já são feitos para avaliar se a vacina pode ser aplicada em adolescentes e crianças.,empresar pfizer e biontech anunciar n quinta-feira teste vacinar o covid-19 desenvolvido começar o testar grávido ano estudo fase 2/3 buscar checar o segurança tolerância e eficácia n público participar estudo anterior aprovação imunizante o empresar anunciar teste criança e ano etapa estudo ano passar fabricante incluir grávido e criança esclarecer precisar garantir vacinar seguro e eficaz maneiro época moderno e pfizer exigir provar testar gravidez negativar e compromisso o controlo natalidade mulher idade fértil inscrever voluntário estudar o pfizer e biontech recrutar voluntário o 24ª e 34ª semana gestação d participar estudar e avaliar o segurança imunizante o beber e o transferência anticorpo,ciência, 18/02/2021 18h57 , Por G1 ,https://g1.globo.com/bemestar/vacina/noticia/2021/02/18/vacina-da-pfizer-contra-a-covid-19-comeca-a-ser-testada-em-gravidas.ghtml,1.0
"Meteorito encontrado no Saara é mais antigo que a própria Terra, revelam cientistas",,"cientista revelar rocha vulcânico encontrar desertar saara aproximadamente 4,6 bilião ano formação antigo o terra tornou-se o exemplar primitivar magma espaçar localizar afirmar estudar recente publicar periódico pnas academiar nacional ciência unir n o meteorito erg chech ec formar o crosta protoplaneta corpo rochoso desenvolvimento planeta beber destruir possibilidade absorver planeta rochoso durante o formação solar informar o portal notícia live science n segunda-feira dia milhar meteorito rocha vulcânico o ec achar argélia maio destacar percepção pesquisador classificaram-no acondrito meteorito originário corpo crosta e núcleo distinto o compará-lo objetos banco sloan digital sky survey o equipar formar especialista universidade francês e japonesar claramente distinguível asteróide nenhum objeto característico espectral semelhante o o ec identificar o afirmar o pesquisar cientista observar o origem lavar resfriar rapidamente rico ferrar e magnésio o composição ec indicar o crosta vir feito andesito rico sílica o estudar concluir o rocha vir reservatório magma parcialmente derreter crosta planeta beber haver 4,565 bilião ano milhão ano o formação solar acreditar o estudar d meteorito ajudar o entender ocorrer o formação planeta “ meteorito o rocha magmático antigo analisar hoje e lançar luzir o formação crosta primordial cobrir protoplanetas antigo ” relatar autor estudar o meteorito avaliar raro cientista acreditar crosta andesito infundir sílica comum durante o estágio formação protoplaneta solar entanto planeta bebês amplamente despedaçar colisão corpo rochoso absorvido planeta o terra marte vênus e mercúrio deixar vestígio gerar meteorito o ec resto crosta andesítica primordial raro registrar meteorito raro hoje cinturão asteróide escrever cientista",ciência, Publicado em  09/03/21 22:34 ,Extra,https://extra.globo.com/noticias/saude-e-ciencia/meteorito-encontrado-no-saara-mais-antigo-que-propria-terra-revelam-cientistas-24917395.html,1.0
"Província de Hubei confirma mais 65 mortes por causa do coronavírus e casos confirmados na China passam de 24,3 mil","Com os novos casos, sobe para 492 o total de mortes no mundo. ",morte causar coronavírus confirmar n terça-feira província hubei ficar o cidade wuhan considerar o epicentro surtir chino registro subir o total morte mundo o o morte ocorrer chino incluir hong kong território semi-autônomo chinês e d filipino o país surgir o surtir o ministrar defeso fernando azevedo e silvar afirmar o brasileiro região wuhan chino – epicentro epidemiar coronavírus – chegar o o brasil manhã sábado 8) repatriar avião reservar frota presidencial o presidente jair bolsonaro costumar viajar o quarentenar cumprir anápolis go e apresentar sintoma infecção levar o o hospital forçar armar brasília avaliação médico,ciência, 04/02/2020 19h37 ,,https://g1.globo.com/ciencia-e-saude/noticia/2020/02/04/provincia-de-hubei-confirma-mais-65-mortes-por-causa-do-novo-coronavirus.ghtml,1.0
Agência reguladora da Europa inicia 'revisão contínua' de vacina CureVac contra Covid-19,"Esse já é o terceiro imunizante sob análise da EMA, ao lado da Johnson & Johnson e Novavax. A agência já aprovou três vacinas para uso emergencial: Pfizer/BioNTech, Moderna e AstraZeneca/Oxford.",o agência europeu medicamento ema sigla inglês anunciar n sexta-feira início o revisão contínuo vacinar alemão curevac o covid-19 o passar pedir autorização formal comercialização união europeu o noto o decisão começar o revisão contínuo basear resultar preliminar estudo laboratorial clínico e ensaio clínico precoce adulto “ estudo sugerir o vacinar desencadear o produção anticorpo e célula imune alvo o sars-cov-2 ” o revisão contínuo ferramenta ema acelerar o avalição medicamentar promissor durante emergência saudar público o procedimento permitir agência analisar segurança e eficácia vacinar conformar disponibilizar estudo cursar vacinar submetido o análise contínuo desenvolvido empresar johnson johnson e novavax,ciência, 12/02/2021 14h50 , Por G1 ,https://g1.globo.com/bemestar/vacina/noticia/2021/02/12/agencia-reguladora-da-europa-inicia-revisao-continua-de-vacina-curevac-contra-covid-19.ghtml,1.0
"

Padre Cléber (Kléber Oliveira) da TV Aparecida faz vídeo de apoio às manifestações de 15 de março #boato 
","Boato – O Padre Cléber (Kléber Oliveira), da TV Aparecida, fez um vídeo de apoio às manifestações de 15 de março. Em vídeo, o apresentador criticou a postura “mandatária” do Congresso Nacional e do STF sobre o país e questionou: “Como pode achar que o povo está errado em ir para as ruas protestar?”.",padrar representar palavra d ouvir o narrativo apresentador padrar cléber programar tv aparecido e tirar o conclusão achar valer o peno divulgar gente ouvir,entretenimento,,"
Raiane Gonoli ",https://www.boatos.org/religiao/padre-cleber-kleber-oliveira-video-manifestacoes-15-de-marco.html,0.0
"

Médico mais jovem do mundo é Joshua Beckford, de 14 anos #boato 
","Boato – O nigeriano Joshua Beckford, de 14 anos, se formou pela Universidade de Oxford em medicina e é o médico mais jovem do mundo. Ele tem autismo.",o médico mundo ano idade joshua beckford britânico origem nigeriano o médico neurocirurgião mundo concluir o cursar “ oxford university ” reinar unir diagnosticar autismo ano idade aprender o falar japonês o caçule matricular programar superdotado e ano o pequeno génio haver criar o software simulador remoção órgão humano joshua atualmente ano o faculdade ano beckford concluir distinção curso filosofia e história d instituição ensinar superior fundar joshua bocar mundo filhar imigrante nigeriano orgulhar o mãe áfrico,mundo,12/09/2020,"
Edgard Matsuki ",https://www.boatos.org/mundo/medico-mais-jovem-mundo-joshua-beckford-14-anos.html,0.0
Veja o que é #FATO ou #FAKE nas declarações dos candidatos à Prefeitura do Rio na 1ª semana de campanha,"Frases foram ditas em redes sociais, eventos de campanha e no primeiro debate na TV.",candidato prefeitura rir janeiro início campanha eleitoral cidade n semana o registrar oficial candidatura começar agendar evento passar o postar rede social e participar debater tv promover band o equipar fato fake checar principal declaração durante o semana candidato aparecer numericamente frente pesquisar ibope divulgar n o ordem candidato seguir o pesquisar ler eduardo paes dem “dobrar o índice desempregar o rir”,política, 03/10/2020," Por G1, O Globo, TV Globo e GloboNews ",https://g1.globo.com/fato-ou-fake/noticia/2020/10/03/veja-o-que-e-fato-ou-fake-nas-declaracoes-dos-candidatos-a-prefeitura-do-rio-na-1a-semana-de-campanha.ghtml,0.0
O ataque de hackers a maior oleoduto dos EUA que fez governo declarar estado de emergência,Um grupo de hackers desconectou completamente um oleoduto e roubou mais de 100 GB de informações.,"o governar eua declarar emergência região país domingo 09/05 o redar gasoduto país sofrer atacar cibernético noite sexta-feira paralisar o fluxo combustível hackers desconectou completamente o redar e roubar gb informação oleoduto empresar colonial o duto transportar 2,5 milhão barrir óleo dia o corresponder o abastecimento diesel gasolina e querosene aviação costa ler eua eua trabalhar noite domingo restaurar o serviço dever s constante falho linha principal o governar decidir decretar o emergência facilitar o transportar combustível principalmente rodoviário emergência respostar o o fechamento inesperado dutos colonial dever o problema redar afetam o fornecimento gasolina diesel querosene aviação e produto petrolífero refinar afetados o departamento transporte noto oficial",política, 10/05/2021 10h51 , Por BBC ,https://g1.globo.com/economia/tecnologia/noticia/2021/05/10/o-ataque-de-hackers-a-maior-oleoduto-dos-eua-que-fez-governo-declarar-estado-de-emergencia.ghtml,1.0
Guedes ligou para Pacheco para dizer que Bolsonaro apoia reforma administrativa  ,,o broadcast apurar paulo guedes o rodrigar pacheco semana passar o presidente jair bolsonaro o reformar administrativo e trabalhar aprovação proposto o ministrar economia ligar o presidente senado o chefe planalto mudança acordar o ministério economia o ligação feito reforçar o presidencial reformar regrar funcionalismo público questionar reportagem o motivar guedes semana passar o pacheco bolsonaro apoiar mudança o economia assunto superar bolsonaro o aval o enviar proposto o o congresso nacional mostrar o broadcast apesar publicamente campanha aprovação reformar administrativo guedes confidenciar o pacheco bolsonaro o aprovação proposto mudo regrar o funcionalismo público brasileiro e trabalhar,política,31/05/2021 22h08 ,Lorenna Rodrigues e Anne Warth,https://economia.uol.com.br/noticias/estadao-conteudo/2021/05/31/economia-guedes-ligou-para-pacheco-para-dizer-que-bolsonaro-apoia-reforma.htm,1.0
Oswaldo Eustáquio é alvo mandado de prisão domiciliar e usará tornozeleira  ,,o blogueiro bolsonarista oswaldo eustáquio alvo mandar prisão domiciliar tornozeleira eletrônica e buscar e apreensão polícia federal manhã hoje o decisão ministrar stf supremo tribunal federal alexandre moraes e tomar eustáquio descumprir restrição imposto magistrado o o determinar soltura d ano noto o bloqueiro classificar o prisão domiciliar ilegal imoral e inconstitucional ler abaixar eustáquio presar temporariamente dia junho alvo operação lume pf investigar organizador atos antidemocrático e principal suspeito inquérito fake news stf,política,17/11/2020 08h56Atualizada em 17/11/2020 16h39 ,Leonardo Martins ,https://noticias.uol.com.br/politica/ultimas-noticias/2020/11/17/oswaldo-eustaquio-e-alvo-da-pf-e-usara-tornozeleira-apos-contrariar-moraes.htm,1.0
AGU pede ao STF rejeição de ação da Rede contra foro de Flávio Bolsonaro  ,,"A Advocacia-Geral da União (AGU) pediu ao Supremo Tribunal Federal (STF) a rejeição de uma ação movida pelo partido Rede Sustentabilidade contra decisão que concedeu foro privilegiado ao senador Flávio Bolsonaro (Republicanos-RJ) nas investigações sobre ""rachadinhas"" na Assembleia Legislativa do Rio. Para a AGU, situações como as de reeleição para mandatos sucessivos não foram objeto de solução explícita pelo plenário do STF. Em 2018, a Corte restringiu o alcance do foro privilegiado para os crimes cometidos no exercício do mandato e em função do cargo. O entendimento da AGU está alinhado ao da Procuradoria-Geral da República (PGR), que enviou ontem um parecer ao Supremo no mesmo sentido.",política,28/08/2020 17h09 ,Rafael Moraes Moura,https://noticias.uol.com.br/ultimas-noticias/agencia-estado/2020/08/28/agu-pede-ao-stf-rejeicao-de-acao-da-rede-contra-foro-de-flavio-bolsonaro.htm,1.0
Duarte Nogueira e Suely Vilela disputam 2° turno em Ribeirão Preto (SP)  ,,"o eleição ribeirão preto município o cercar km paulo o turno o atual prefeito duarte nogueira psdb e suely vilela psb candidato votar turno e disputar o tira-teima dia o tucano receber 45,87 voto o pessebista obter 20,72 o tse tribunal superior eleitoral chiarelli patriota o candidatura júdice ficar colocação 10,90 nogueira agrônomo político começar carreira secretário habitação governar mário cova e agricultura e abastecimento e logístico e transportar geraldo alckmin deputar estadual e federal filhar antônio duarte nogueira governar ribeirão",política,16/11/2020 00h09Atualizada em 16/11/2020 01h23 ,Thiago Varella,https://noticias.uol.com.br/eleicoes/2020/11/16/atual-prefeito-e-ex-reitora-da-usp-disputam-2-turno-em-ribeirao-preto.htm,1.0
"Ciro sobre aliança: Moro é fascista, Huck, apresentador e Doria, mentiroso  ",,o ex-candidato o presidente ciro gomar pdt classificar aliançar sergio morar luciano huck e joão doria psdb-sp extrema-direita e centrar indicar o ex-ministro justiçar entrevisto ciro o brasil ceder espaçar o encontrar morar e huck noticiar jornal folhar s.paulo semana o aliançar sugerir morar entrevisto o o jornal o globo n morar sugerir luiz henrique mandetta ex-ministro saudar dem joão amoêdo liderança e hamilton mourão atual vice-presidente prtb candidato centrar dia doria huck e morar centrar ultraesquerda compostura morar vender o togar trocar cargo vitalício e caro extrema-direita vestir fascista italiano década fascista declarar ciro participar evento candidatura márcio frança psb paulo,política,09/11/2020 14h31 ,Lucas Borges Teixeira,https://noticias.uol.com.br/politica/ultimas-noticias/2020/11/09/ciro-sobre-alianca-moro-e-fascista-huck-apresentador-e-doria-mentiroso.htm,1.0
Planalto vê vídeo 'sem elemento jurídico' e avalia que PGR não denunciará Bolsonaro,"Para defesa do ex-ministro Moro, vídeo é cristalino sobre intenção do presidente em troca na PF, e o que o governo faz é um jogo de palavras como estratégia jurídica.",o palácio planalto acreditar denúncia procuradoria-geral repúblico pgr o presidente jair bolsonaro contar conteúdo reunião ministerial dia abril assessorar presidente avaliar o vídeo conter “ elemento forte jurídico ” o inquérito correr supremo tribunal federal stf motivar ministro o o blog augusto arar denunciar o presidente o ex-ministro justiçar sergio morar arar alinhar o o palácio planalto avaliar investigador polícia federal e o ministrar stf celso mello relator casar o necessário apurar o veracidade fato o defeso morar o vídeo cristalino intenção presidente trocar pf e o o governar jogar palavra estratégia jurídico fato falar si o ex-ministro relatar o interlocutor o vídeo comprovar o o dúvida haver condição institucional político adiantar investigação principalmente contar augusto arar,política, 13/05/2020 10h22 , ,https://g1.globo.com/politica/blog/andreia-sadi/post/2020/05/13/planalto-ve-video-sem-elemento-juridico-e-avalia-que-pgr-nao-denunciara-bolsonaro.ghtml,1.0
Juiz diz que hacker da Lava Jato voltará à prisão se conceder entrevistas  ,,o juiz federal ricardo leite 10ª varar justiçar brasília decidir o hacker walter delgatti neto acusar invadir o telegram autoridade e e copiar diálogo procurador operação lavar jato proibir conceder entrevisto o veículo imprensar peno presar preventivamente delgatti neto réu operação spoofing polícia federal investigar o compartilhamento pessoal autoridade ilegal o decisão juiz audiência realizar videoconferência brasília ater o pedir ministério público federal solicitar o retornar hacker prisão — prisão domiciliar outubro ano passar tornozeleira eletrônica casar araraquara sp,política,26/02/2021 15h11Atualizada em 26/02/2021 15h14 ,Natália Lázaro,https://noticias.uol.com.br/politica/ultimas-noticias/2021/02/26/juiz-diz-que-hacker-da-lava-jato-voltara-a-prisao-se-conceder-entrevistas.htm,1.0
"Com o dólar a R$ 6, patroas e patrões também não vão para a Disney  ",,"o dólar chegar o r$ 6,08 o euro r$ 7,06 e o librar r$ 7,97 casar câmbio d incluso o iof impor operação financeiro remeter o declaração carregar preconceito ministrar economia paulo guedes fevereiro d ano quase morte covid-19 país o câmbio nervoso o câmbio mudar negócio câmbio o r$ 1,80 mundo o disneylândia empregar doméstico disneylândia festa danar",política,28/10/2020 19h17 ,28/10/2020 19h17 ,https://noticias.uol.com.br/colunas/leonardo-sakamoto/2020/10/28/com-o-dolar-a-r-6-patroas-e-patroes-tambem-nao-vao-para-a-disney.htm,1.0
"'O caos vem aí', diz Bolsonaro em meio à atmosfera caótica que ele criou  ",,ficar mundo desobrigar sentir brasil bolsonaro sexta-feira o caos palavra significar país executar planar vacinação vacinar bicar contabilizar morto vírus enviar o filar esperar doente precisar uti e conseguir assegurar sedativo e oxigênio paciente conseguir chegar fase entubação ... país mergulhar caos o o projetar o futurar caos infernizar o presentar brasileiro bolsonaro revelar governar fato ocorrido tornaram-se imprevisível regime presidencialista caber o o capitão governar o pandemia inépcia agravar bolsonaro desgovernar acontecimento o o falar gripezinha mercadejar o cloroquina apelidar conversinha o onda contágio e o pandemia bolsonaro injetou empulhação caos potencializando-o crise sanitário matar escalar industrial o cegar fingir visível pilho corpo crescer o cegueira encenar presidente repúblico ficar entender o político conduzir o o planalto solução quase milhão brasileiro o eleger virar caos sensatez o capacidade gerencial bolsonaro invisível o olhar nu,política,21/03/2021 04h36 ,21/03/2021 04h36 ,https://noticias.uol.com.br/colunas/josias-de-souza/2021/03/21/o-caos-vem-ai-diz-bolsonaro-em-meio-a-atmosfera-caotica-que-ele-criou.htm,1.0
"Pedidos de empréstimo ao setor elétrico somam R$ 14,8 bilhões, diz Aneel ",50 das 53 distribuidoras do país pediram a ajuda financeira em meio à pandemia. Prazo para adesão terminou na sexta (3). Liberação dos recursos deve começar ainda em julho.,"o ajudar s distribuidor energia aprovar pandemia coronavírus somar r$ 14,8 bilião o informação divulgar n segunda-feira agência nacional energia elétrica aneel o prazo pedir o empréstimo terminar sexta-feira total distribuidor país aderir o o socorrer pedir o empréstimo empresar cooperaliança e joão cesa atender santo catarino e o forcel paraná o aneel empresar assinar o contratar e valorar começar o liberar o julho",política, 06/07/2020 13h45 ," Por Laís Lis, G1 — Brasília ",https://g1.globo.com/economia/noticia/2020/07/06/pedidos-de-emprestimo-ao-setor-eletrico-somam-r-148-bilhoes-diz-aneel.ghtml,1.0
Lewandowski nega a PTB audiência sobre obrigatoriedade de vacinação  ,,o ministrar ricardo lewandowski supremo tribunal federal stf negar pedir ptb trabalhista brasileiro realizar audiência comprar e obrigatoriedade vacinação covid-19 país o o indeferir o liminar o ministrar destacar reavaliar o casar manifestação presidência repúblico agu advocacia-geral união e pgr procuradoria-geral repúblico aliar o o governar federal o ptb apresentar ação supremo decretar assinar presidente jair bolsonaro fevereiro d ano prever o realização vacinação medir compulsório combater covid-19 o trecho passar o questionar bolsonaristas alegação supostamente violar o liberdade individual população o ação ptb analisar plenário cortar juntar processo o temer pedir oposto relatar lewandowski d assinar pcdob pt psol psb e cidadania solicitar o o stf impedir bolsonaro e o ministrar saudar general eduardo pazuello praticar atar dificultar o continuidade pesquisar o vacinar,política,29/10/2020 21h57 ,Paulo Roberto Netto,https://noticias.uol.com.br/ultimas-noticias/agencia-estado/2020/10/29/lewandowski-nega-a-ptb-audiencia-sobre-obrigatoriedade-de-vacinacao.htm,1.0
Relator divulga parecer preliminar de projeto sobre fake news; Senado deve votar na terça,Texto prevê regras para monitoramento e punição por notícias falsas e crimes contra a honra na internet; senador nega risco de censura. Veja ponto a ponto o que será votado.,o senador angelo coronel psd-ba relator projeto prever medir o disseminação fake news ” apresentar n sexta-feira o versão parecer o temer o texto votar plenário terço mudança “ preferir encaminhar senador começar discussão e propor sugestão ” afirmar o parlamentar tv globo presidente comissão parlamentar misto inquérito fake news congresso o senador o texto construir converso parlamentar senado e câmara aprovar senador o proposto seguir o análise deputar,política, 19/06/2020 21h33 ," Por Elisa Clavery, TV Globo — Brasília ",https://g1.globo.com/politica/noticia/2020/06/19/relator-divulga-parecer-preliminar-de-projeto-sobre-fake-news-senado-deve-votar-na-terca.ghtml,1.0
MT: Candidata a vereadora é esfaqueada no portão de casa por falso eleitor  ,,o candidato o vereador primaverar ler mt adriana dia ano faca cravar braço homem apresentar eleitor d madrugar adriana contar quintal casar ouvir alguém chamá-la portão acordar o suspeitar identificar polícia civil apresentar eleitor e pedir santo — material campanha eleitoral o ocorrer o filiar o o dem afirmar o o uol pretender continuar o campanha ruir contar tomar medicação traumatizar,política,03/11/2020 19h27 ,Bruna Barbosa Pereira,https://noticias.uol.com.br/eleicoes/2020/11/03/mt-candidata-a-vereadora-e-esfaqueada-no-portao-de-casa-por-falso-eleitor.htm,1.0
Coronavírus: Reabertura dá errado nos EUA e serve de alerta ao Brasil  ,,acontecer brasil o reabertura economia unir burro n'água o epidemiar coronavírus voltar o crescer país especialmente sul grau decidir revisar plano reabertura econômica o ritmar crescimento caso covid-19 manter estável cair reavaliar passo medo o epidemiar alastrar sul país voltar o provocar estrago o situação controlo york jersey e connecticut ficar nordeste eua governador e especialista temer o semana haver o feriar julho o dia independência norte-americana reunir multidão e agravar o transmissão coronavírus hemisfério norte o levar gente s ruir arizona bar restaurante cinema academiar ginástico e parque aquático voltar o fechar haver ocupação leito uti paciente covid-19,política,30/06/2020 12h32 ,30/06/2020 12h32 ,https://noticias.uol.com.br/opiniao/coluna/2020/06/30/coronavirus-reabertura-da-errado-nos-eua-e-serve-de-alerta-ao-brasil.htm,1.0
Maia adia votação da PEC dos municípios para dar tempo ao governo  ,,o presidente câmara rodrigar maio dem-rj retirar o proposto aumentar repasse união município pautar hoje anunciar pautar o medir amanhã s horar e o o governar garantir voto e aprovar requerimento retirar o texto plenário prefeito pressionar o câmara aprovar o proposto o pec aumentar transferência união o fundir participação município fpm prazo suficiente o governar organizar o base importante o sociedade votar conformar o estadão broadcast revelar o governar presidente jair bolsonaro entrar alertar vermelhar barrar o votação retirar r$ bilião caixa tesourar nacional ano o medir jabuti incluir horar apagar luzir ano congresso nacional,política,21/12/2020 18h55 ,Daniel Weterman,https://economia.uol.com.br/noticias/estadao-conteudo/2020/12/21/maia-diz-que-tira-pec-dos-municipios-da-pauta-hoje-e-pautara-proposta-amanha.htm,1.0
Um teste sem precedentes para a sociedade humana,O artigo do cientista político Sérgio Abranches para o blog neste domingo,o inimigo desconhecer invisível praticamente indetectável e perigoso o letalidade médio inferior o população total e o ano impedir catástrofe humano proporção apocalíptico perda humano evitável demasiar e chegar casar milhão morto o pandemia global abater enfrentar vírus contagioso e rápido espalhamento o período incubação relativamente longo o infecção massa pessoa assintomático sintomático apresentar virulência contágio haver vacinar tratamento o epidemiar covid-19 o mundo desafiar precedente o país viver regime austeridade fiscal — exceções aparentemente o coreia e o alemanha — hoje acriterioso corte horizontal despesa e o ausência noção prioridade social deixar desguarnecido saudar e desprotegido amplo setores social haver disponibilidade adequar suprimento e equipamento segurança e tratamento essencial máscara cirúrgico respirador e leito uti reinar unir itália unir espanha e brasil país o consenso fiscalista mostrar impermeável s crítico d admitir o imperativo responsabilidade fiscal defender critério processar redução e distribuição gastar prioridade setores saudar e educação e tratamento tributário progressivo reduzir o desigualdade o resultar expressar sociedade frágil mundo desenvolver e emergente ameaçar inédito viver quadrar governança transparência confiança e credibilidade fatores cruciar dimensionar o extensão tragédia país o capacidade disciplinar coletiva cooperação e solidariedade sociedade outro elemento diferenciador enfrentamento epidemiar,política, 22/03/2020 14h42 , Por Sérgio Abranches ,https://g1.globo.com/politica/blog/matheus-leitao/post/2020/03/22/um-teste-sem-precedentes-para-a-sociedade-humana.ghtml,1.0
"Apesar do desconforto de militares do governo, Mourão não pensa em se calar  ",,certar ministro alar militar gostar hamilton mourão evitar entrevisto opinião vice-presidente frequentemente opor s presidente jair bolsonaro entanto acontecer mourão cogitar deixar expressar publicamente pensamento demonstrar entrevisto hoje rádio gaúcho o vice-presidente mostrar tranquilo emitir o opinião pessoal colaborador continuar n manhã mourão falar imprensar o o chegar o o planalto costumar auxiliar vice-presidente chamar atenção detalhar importante o observar n entrevisto diário mourão ater jornalista entrar e sair anexar planalto o intenção evitar o imprensar outro acesso,política,13/11/2020 14h49 ,13/11/2020 14h49 ,https://noticias.uol.com.br/colunas/chico-alves/2020/11/13/apesar-do-desconforto-de-militares-do-governo-mourao-nao-pensa-em-se-calar.htm,1.0
Ministro das Comunicações diz que ninguém pode 'impor vacina' contra covid-19  ,,"O ministro das Comunicações, Fabio Faria (PSD), resolveu entrar na celeuma sobre a obrigatoriedade ou não de se tomar vacina contra a covid-19, apesar de sequer haver uma vacina de efeito confirmado para uso no País, até o momento. Na esteira do presidente Jair Bolsonaro, que tem rivalizado sobre o assunto com o governador de São Paulo, João Doria, Faria foi para as redes sociais dizer que a vacina da covid-19 não ""entra em sua casa"". ""Vivemos em um país democrático, governado por um Presidente que luta pela liberdade do povo. Isso significa que nós, brasileiros, temos o DIREITO de escolha. Ninguém pode impor vacina, sobretudo porque sabemos que vacinas seguras costumam demandar tempo. Na minha casa, não entram!"", escreveu o ministro, em sua página no Twitter.",política,20/10/2020 16h18 ,André Borges,https://noticias.uol.com.br/ultimas-noticias/agencia-estado/2020/10/20/ministro-das-comunicacoes-diz-que-ninguem-pode-impor-vacina-contra-covid-19.htm,1.0
"Fachin mantém voto pró-Moro, mas ataca relação com núcleo da Lava Jato  ",,"O ministro do STF (Supremo Tribunal Federal) Edson Fachin manteve hoje o seu voto em favor de Sergio Moro no julgamento sobre a suspeição do ex-juiz da Lava Jato. Mesmo votando contra uma suposta parcialidade de Moro, Fachin atacou a relação do núcleo da força-tarefa da operação em Curitiba, responsável pelas investigações contra o ex-presidente Luiz Inácio Lula da Silva (PT). Relator do processo que teve o seu julgamento definido hoje na Segunda Turma, com a suspeição declarada de Moro, Fachin afirmou que as mensagens vazadas entre o ex-juiz e procuradores da força-tarefa são ""graves"" e merecem ser apuradas pelo Judiciário. Ainda que as conversas obtidas por hackers sejam vistas como principal indício da parcialidade de Moro, o material não é objeto do habeas corpus impetrado pela defesa de Lula e que foi julgado hoje. Quando o julgamento teve início, no final de 2018, as mensagens não tinham vindo a público ainda.",política,23/03/2021 19h47 ,"Júlia Schiaffarino, Leticia Lázaro, Lucas Borges Teixeira e Rafael Bragança",https://noticias.uol.com.br/politica/ultimas-noticias/2021/03/23/fachin-mantem-voto-pro-moro-mas-ataca-relacao-com-nucleo-da-lava-jato.htm,1.0
"Lira: Disse o que penso sobre Ludhmila Hajjar, mas prerrogativa é do presidente  ",,o presidente câmara arthur lira pp-al o escolher ministrar saudar substituir eduardo pazuello decisão caber o o presidente jair bolsonaro rede social lira defender o nome médico ludhmila hajjar encontrar o presidente jair bolsonaro negar convite assumir o cargo o médico o prescrição medicamento eficácia comprovar o covid-19 e o medir distanciamento social e atacar apoiadores presidente rede social colocar o pensar ludhmila hajjar o prerrogativa escolher presidente afirmar live jornal o globo e econômico função ajudar legislar e sugerir nome procurar,política,15/03/2021 15h12 ,Anne Warth e Daniel Weterman,https://noticias.uol.com.br/ultimas-noticias/agencia-estado/2021/03/15/lira-disse-o-que-penso-sobre-ludhmila-hajjar-mas-prerrogativa-e-do-presidente.htm,1.0
É #FAKE que vídeo mostre profissionais de saúde dando as costas ao prefeito Bruno Covas em SP,Imagens foram feitas em hospital na Bélgica. Enfermeiros e outros profissionais protestaram contra a primeira-ministra Sophie Wilmès. Vídeo não tem nenhuma relação com o Brasil. ,vídeo mostrar profissional saudar frente o hospital virar costa veículo oficiar entrar prédio protestar bombado rede social mensagem circular juntar imagem tratar comitiva prefeito paulo brunir cova o vídeo gravar paulo bruxelas capital bélgica ocasião profissional saudar protestar o presença primeira-ministra belga sophie wilmès hospital saint-pierre o programar tv belga o unir registrar o protestar sábado acordar o reportagem cercar cem enfermeiro médico e auxiliar profissional limpeza e setor administrativo e bombeiro participar atar diverso veículo jornalístico mundo repercutir imagem e o notícia o inglês the guardian,saúde, 20/05/2020," Por Thaís Matos, G1 ",https://g1.globo.com/fato-ou-fake/coronavirus/noticia/2020/05/20/e-fake-que-video-mostre-profissionais-de-saude-dando-as-costas-ao-prefeito-bruno-covas-em-sp.ghtml,0.0
Anvisa autoriza laboratórios agropecuários a fazer testes do coronavírus  ,,o agência nacional vigilância sanitário anvisa autorizar n quinta-feira laboratório federar defeso agropecuário lfdas o realizar análise o diagnóstico covid-19 o redar lfdas coordenar ministério agricultura informar laboratório aguardar o destinação insumo reagente teste o resolução diretoria colegiada anvisa valer princípio renovar reconhecido ministério saudar o emergência relacionar pandemia coronavírus haver previsão utilização laboratório embrapa o ocorrer etapa o ministério noto acordar negociação realizar o ministério saudar e o ministério agricultura laboratório compor o força-tarefa lfdas minar gerar pernambuco rir sul e paulo,saúde,02/04/2020 20h54 ,02/04/2020 20h54 ,https://noticias.uol.com.br/ultimas-noticias/agencia-estado/2020/04/02/anvisa-autoriza-laboratorios-agropecuarios-a-fazer-testes-do-coronavirus.htm,1.0
Especialistas dinamarqueses opinam que epidemia de coronavírus deve 'morrer sozinha'  ,,o epidemiar covid-19 dinamarca terminar curtir prazo acordar relatório publicar n quarta-feira autoridade controlo doença infeccioso ssi prever onda posterior o epidemiar morrer o atual confinamento manter desaparecer aplicar cenário básico reabertura mantido o distância físico e medir higiene o autoridade saudar referir o o curtir prazo atualmente o imunidade população dinamarquês relativamente fraco haver riscar considerável onda epidemiar ocorrer insistir o autoridade relatório solicitar o classe político preparar o fase levantamento restrição o cenário básico reabrir certo condição shopping centers biblioteca zoológico e o realização atividades esportivo público,saúde,06/05/2020 12h15 ,06/05/2020 12h15 ,https://noticias.uol.com.br/ultimas-noticias/afp/2020/05/06/especialistas-dinamarqueses-opinam-que-epidemia-deve-terminar-por-si-mesma.htm,1.0
"Mortes por Covid-19 no mundo passam de 900 mil, segundo universidade","EUA têm o maior número de vítimas do novo coronavírus, com mais de 190 mil mortes.",o morto covid-19 mundo passar n quarta-feira monitoramento universidade johns hopkins unir milhão caso confirmar coronavírus o planeta absoluto unir o país o morte vítima covid-19 n divulgar gravação presidente donald trump admitir gravidade doença fevereiro eua registrar caso o brasil absoluto o morte coronavírus vítima o índio passar forte alto caso quase morto o mundo atingir morte covid-19 abril casar confirmar coronavírus dia o vítima doença dobrar e chegar o o ritmar total morto atingir certo estabilidade abaixar,saúde, 09/09/2020 19h58 , Por G1 ,https://g1.globo.com/bemestar/coronavirus/noticia/2020/09/09/mortes-por-covid-19-no-mundo-passam-de-900-mil-segundo-universidade.ghtml,1.0
Suprema Corte examinará caso de impostos de Trump por teleconferência  ,,o supremo cortar justiçar unir anunciar hoje ouvir maio teleconferência argumento o presidente donald trump continuar recusar o apresentar declaração imposto o o congresso e promotoria york o principal tribunal nação pretender ouvir argumento casar março adiar o sessão recomendação saudar público respostar pandemia coronavírus o cortar informar examinar o casar maio teleconferência medir precedente permitir o anúncio decisão disputar presidencial novembro trump buscar reeleição,saúde,13/04/2020 12h14 ,13/04/2020 12h14 ,https://noticias.uol.com.br/ultimas-noticias/afp/2020/04/13/suprema-corte-examinara-caso-de-impostos-de-trump-por-teleconferencia-em-maio.htm,1.0
Coronavírus: Itália entra em semiliberdade vigiada após confinamento  ,,o itália país o confinar população n segunda-feira regime semiliberdade vigiar continuar mercê evolução pandemia coronavírus o horar responsabilidade afirmar o influente jorna il corriere della sera o o recordar o desafiar milhão italiano quase dia confinamento o futurar país mão reiterar o jornal explicar o primeiro-ministro giuseppe contar o o anunciar medir stefano milano romano ano feliz recuperar liberdade receber primar conhecer filhar e voltar o encontrar pai o o admitir medo idoso e o sogro câncer,saúde,04/05/2020 09h08 ,04/05/2020 09h08 ,https://noticias.uol.com.br/ultimas-noticias/afp/2020/05/04/italia-entra-em-semiliberdade-vigiada.htm,1.0
MP investiga influencer que teria tossido nas portas de vizinhas de prédio  ,,o mp paraná representar justiçar japa mantovani digital influencer e apresentador tv tossir maçaneta vizinho largar idiota contar coronavírus,saúde,27/03/2020 14h59 ,27/03/2020 14h59 ,https://noticias.uol.com.br/videos/2020/03/27/mp-investiga-influencer-que-teria-tossido-nas-portas-de-vizinhas-de-predio-0402CC9A3160E0B96326.htm,1.0
"Perfis do Instagram apontam ""vacilões"" da quarentena sob risco de processo  ",,respeitar o quarentenar pós-coronavírus e sair casar o necessário revoltar descobrir vizinhar churrascão festa privar alô gabriela pugliesi denunciar desrespeitar regrar isolamento social surgir instagram diverso página denúncia justiceiro digitar republicar foto pessoa festa reunir amigo aglomerar ruir durante o quarentenar d pedir pessoa mandar denúncia e prometer sigilar absoluto página anônimas e afirmar repostar imagem exposto publicamente rede social diverso cidade brasileiro contar versão d página vacilar covid chamar ponta prazer vacilões exposto,saúde,15/05/2020 04h00 ,Thiago Varella,https://www.uol.com.br/tilt/noticias/redacao/2020/05/15/perfis-do-instagram-apontam-vaciloes-da-quarentena-sob-risco-de-processo.htm,1.0
Covid: Brasil registra 1.166 novas mortes em 24 h; total ultrapassa 122 mil  ,,e hoje o brasil registrar 1.166 óbito covid-19 total 122.681 morte covid-19 país hoje consórcio veículo imprensar o uol horar confirmar 41.889 caso coronavírus total 3.952.790 pessoa receber o diagnóstico doença brasil o médio móvel morte calcular óbito diário base registro feito dia óbito dia resultar considerar estável dia -13,saúde,01/09/2020 19h03Atualizada em 01/09/2020 21h00 ,01/09/2020 19h03Atualizada em 01/09/2020 21h00 ,https://noticias.uol.com.br/saude/ultimas-noticias/redacao/2020/09/01/covid-19-mortes-casos-1-setembro.htm,1.0
Fiéis fazem de Santa Corona a padroeira da resistência a epidemia  ,,hoje católico celebrar o dia santo corona o intercessor doença infeccioso o pandemia coronavírus fiel aproveitar o semelhança nome d e doença pedir proteção e acabar ganhar o atribuição o santo viver sírio século i cristo acredita-se corona ano morto romano professar o fé cristão o lenda o jovem sofrer morte cruel amarrar o árvore dobrar e rasgar tronco solto santo corona imagem reprodução março o catedral aachen alemanha retirar cofre relíquia santo realizar exibição o pandemia covid-19,saúde,14/05/2020 13h42Atualizada em 14/05/2020 16h40 ,14/05/2020 13h42Atualizada em 14/05/2020 16h40 ,https://noticias.uol.com.br/cotidiano/ultimas-noticias/2020/05/14/santa-corona-padroeira-da-resistencia-as-epidemias-e-celebrada-hoje.htm,1.0
"Com a cloroquina, Bolsonaro implementa maior show de ilusionismo do mundo  ",,dezena país correr vacinar população o frear morte covid-19 e retomar o economia segurança o governar jair bolsonaro dedicar o entupir brasileiro feijão mágico cloroquina e ivermectina implementar o show ilusionismo mundo e manjar gente cair truque lance bizarro começar o pandemia terraplanistas biológico ministério saudar pressionar o prefeitura manaus o distribuir hidroxicloroquina e ivermectina remédio malária lúpus e infestação verme tratamento precoce o covid informar o painel jornal folhar s.paulo funcionar o ilusionismo esmagador caso imunológico capaz contar doença produzir anticorpo e eliminar o coronavírus eficaz o o remédio ineficaz solução caso leve o presidente verdade roubar o mérito o organismo contar,saúde,13/01/2021 09h44 ,13/01/2021 09h44 ,https://noticias.uol.com.br/colunas/leonardo-sakamoto/2021/01/13/com-a-cloroquina-bolsonaro-criou-o-maior-programa-de-ilusionismo-do-mundo.htm,1.0
Governo do Rio planeja volta do futebol com 50% da capacidade em estádios  ,,o governador wilson witzel psc incluir pacto social saudar e economia rir janeiro polêmico durante o pandemia coronavírus o retornar futebol apesar basear bandeiro flexibilização o curvo contágio covid-19 e datar limitar o planar gatilho flexibilização e fase o retornar evento esportivo público capacidade estádios.nos país o futebol retornar alemanha haver presença público o pacto secretariar estadual desenvolvimento econômico energia e internacional sedeeri parceria o secretariar estadual saudar entretanto admitir o presença público distanciamento social metro bandeiro amarelo depender taxar ocupação leito uti chegar e atualmente e o curvo crescimento caso cair médio semanal o inclusão retornar futebol rir janeiro acenar o o presidente jair bolsonaro o retornar incentivar pessoa ficar casar depender ministério saudar o ministério favorável o parecer n sentir o gente assistir o futebolzinho sábado domingo ajudar o deixar o casar estressado futebol afirmar o o apresentar o pacto imprensar e sociedade palácio guanabara o secretário responsável sedeeri luca tristão abordar o retomar shopping atividades desportivo e academiar restrição espaçar e protocolo higiene,saúde,22/05/2020 14h57 ,Caio Blois e Léo Burlá,https://www.uol.com.br/esporte/futebol/ultimas-noticias/2020/05/22/governo-do-rio-planeja-volta-do-futebol-com-50-da-capacidade-em-estadios.htm,1.0
"Com portas fechadas, lojas mantêm vendas pelo 'zap' e com mediadores em SP  ",,homem e mulher frente loja fechar paulo completar ligação portar estabelecimento placar atender whatsapp frente perguntar o cliente comprar notebook região santo ifigênia polo vender eletrônicos e pedir carro capital paulista o cena repetir hoje diverso hoje dia proibição o o comércio paulo dever pandemia covid-19 doença causar coronavírus sair casar esperar comprar encontrar ruir fechar e infinidade furgão branco prefeitura fiscalizar comércio região central camelô e vendedor frutar costumar habitar esquinar ruir aurora vitória e timbira,saúde,20/03/2020 13h58 ,Alex Tajra,https://noticias.uol.com.br/cotidiano/ultimas-noticias/2020/03/20/atras-das-portas-fechadas-lojas-mantem-vendas-com-mediadores-na-rua-em-sp.htm,1.0
Mourão diz que ordem para CPI da Covid foi 'interferência' do STF e que comissão causará 'atrito',"Ministro Luís Roberto Barroso, do STF, determinou a abertura da CPI para investigar a gestão do governo na pandemia. Grupo de senadores tentar criar a comissão desde janeiro. ",o vice-presidente hamilton mourão afirmar n sexta-feira considerar “ interferência devido ” o decisão ministrar luís roberto barroso supremo tribunal federal stf ordenar o instalação senado cpi covid barroso tomar o decisão quinta-feira 8) ação judicial apresentar o o stf senador alessandro vieira cidadania-se e jorge kajuru cidadania-go o pedir criação cpi protocolado janeiro senador apurar ações e omissão governar jair bolsonaro crise sanitário provocar covid-19 o pedir contar assinatura necessário o cpi instalar o governar querer o abertura cpi mourão falar o decisão barroso o o questionar jornalista n durante entrevisto palácio planalto,saúde, 09/04/2021 09h33 ," Por Guilherme Mazui, G1 — Brasília ",https://g1.globo.com/politica/noticia/2021/04/09/mourao-diz-que-abertura-de-cpi-da-covid-foi-interferencia-do-judiciario-e-que-comissao-causara-atrito.ghtml,1.0
Covid-19: as lições que Brasil pode aprender com segunda onda de casos na Europa  ,,o onda covid-19 europa começar o tomar o início março e atingir picar durante o abril maio o situação parecer estabilizar quedo importante caso e morte infecção provocar sars-cov-2 o coronavírus responsável pandemia atual recentemente o situação fugir novamente controlo e o continente acumular alarmante dia o frança confirmar 421.799 caso e 2.193 morte enfermidade centrar europeu controlo e prevenção doença,saúde,28/10/2020 08h58 ,André Biernath - Da BBC News Brasil em São Paulo,https://noticias.uol.com.br/saude/ultimas-noticias/bbc/2020/10/28/licoes-que-brasil-pode-aprender-com-segunda-onda-de-casos-na-europa.htm,1.0
Jurgen Klopp não é favorável a paralisação do futebol inglês para conter covid-19  ,,conferência imprensar o técnico jurgen klopp revelar acreditar o futebol inglês precisar parar conter caso covid-19 o premier league polêmica contar aumentar atleta e pessoa envolvido times contaminar e adiar achar o competição seguir e achar importante pessoa assistir acreditar continuar especialista e respeitar decisão tomar semana o melhor o campeonato seguir e achar funcionar surpresar o aumentar caso e o ligeiro crescimento futebol compreensível proteger atleta afirmar o alemão o técnico west bromwich sam allardyce admitir favorável o paralisação futebol gary neville ex-jogador e atual comentarista acreditar pausar iriar surtir efeito positivar,saúde,01/01/2021 12h48 ,01/01/2021 12h48 ,https://www.uol.com.br/esporte/futebol/ultimas-noticias/lancepress/2021/01/01/jurgen-klopp-nao-e-favoravel-a-paralisacao-do-futebol-ingles.htm,1.0
Governo quer privilégio para usar hospitais privados em caso de escassez  ,,o cnsaúde confederação nacional saudar órgão defender interesse setor privar entrar ação stf supremo tribunal federal abril solicitar passar controlo prévio ministério saudar requisição estruturar privar — algum pedir utilizar leito privar uti ficar o cargo pastar autorizar e município o utilizar estruturar manifestação processar o agu advocacia-geral união — representar o governar — concordar parcialmente o ação o texto reconhecer e município competência requisição defender o governar federal o opção caso gravar escassez — situação encontrar sumir o união privilégio utilizar equipamento privar caso gravar escassez âmbito nacional configurar defasagem regionalmente desproporcional suprimento requisitar assegurar primazia iniciativo federal requisição defender o agu,saúde,26/05/2020 04h00 ,Alex Tajra,https://noticias.uol.com.br/saude/ultimas-noticias/redacao/2020/05/26/governo-quer-concentrar-poder-sobre-hospitais-privados-em-caso-de-escassez.htm,1.0
MPF quer investigação de homem que agrediu enfermeiras em protesto no DF  ,,o ministério público federal enviar hoje procuradoria repúblico distrito federal notícia-crime — notificação autoridade investigar crime — avaliar investigar renan silvar sena o solicitação feito procurador joão paulo lordelo memorar enviar o claudio drewes josé siqueira procurador-chefe procuradoria repúblico df texto lordelo citar reportagem publicar hoje uol identificar renan funcionário terceirizado ministério direito humano o protagonista vídeo gravar sexta-feira 1º filmagem sena aparecer agredir verbalmente enfermeiro realizar protestar pacífico praça analista projetos setor socioeducativo pastar exercer atividades março o ministério informar sena demitir abril enviar documentação comprovar o atar demissionário evento narrar dotar inegável gravidade ensejar ... crime o administração público razão solicitar o excelência o distribuição presentar notícia crime adoção medir o(a procurador(a repúblico natural compreender necessário o documentar enviar hoje,saúde,05/05/2020 12h41 ,Flávio Costa,https://noticias.uol.com.br/politica/ultimas-noticias/2020/05/05/mpf-quer-investigacao-de-homem-que-agrediu-enfermeiras-em-protesto-no-df.htm,1.0
"Em quarentena na Itália, Cristiano Ronaldo treina com o filho; veja  ",,cumprir o isolamento social retornar itália o jogador cristiano ronaldo aproveitar o casar treinar o filhar velho cristiano ronaldo júnior vídeo postar rede social trocar passe externo casar e o português cobrar agilidade filhar parar pai filhar felicidade acima escrever o atacante juventus legendar,saúde,13/05/2020 11h46 ,13/05/2020 11h46 ,https://www.uol.com.br/esporte/futebol/ultimas-noticias/2020/05/13/em-quarentena-na-italia-cristiano-ronaldo-joga-bola-com-o-filho.htm,1.0
AstraZeneca produzirá parte das vacinas contra covid-19 para a UE fora do bloco  ,,o gigante farmacêutico astrazeneca anunciar fabricar união europeu dose comprometer o fornecer o o bloco semestre ano e o restar produzir outro o astrazeneca trabalhar aumentar o produtividade cadeia logístico ue e capacidade global garantir o entregar milhão dose ue semestre porta-voz britânico afp cercar volumar esperar virar cadeia logístico ue e o restante redar internacional empresar continuar,saúde,24/02/2021 06h48 ,24/02/2021 06h48 ,https://noticias.uol.com.br/ultimas-noticias/afp/2021/02/24/astrazeneca-produzira-parte-das-vacinas-contra-covid-19-para-ue-fora-do-bloco.htm,1.0
O que acontece após Brasil anunciar casos suspeitos de coronavírus e elevar risco para 'iminente'?  ,,ministério saudar investigar caso suspeito coronavírus brasil total infecção crescer rapidamente mundo vírus letal e causar doença grave epidemiar anterior reportagem atualizada s 17h20 29/01/20 o ministério saudar anunciar haver caso suspeito coronavírus país o informação coletiva imprensar d quarta-feira 29/1 o ministério entanto nenhum caso análise provável caso notificar o início crise excluir exame descartar posteriormente,saúde,28/01/2020 16h13 ,Rafael Barifouse - Da BBC News Brasil em São Paulo,https://noticias.uol.com.br/ultimas-noticias/bbc/2020/01/28/o-que-acontece-apos-brasil-anunciar-1-caso-suspeito-de-coronavirus-e-elevar-risco-para-iminente.htm,1.0
Saúde investiga possível caso de coronavírus em SP,,o ministério saudar conjuntar secretariar estadual e municipal paulo investigar casar doença coronavírus município paulo fevereiro 12h o hospital israelita albert einstein registrar o notificação casar suspeitar doença coronavírus covid-19 atendimento adotou medir preventivo transmissão gotícula coletou amostrar e realizar teste vírus respiratório comum e o exame específico sars-cov2 rt-pcr protocolo charité conformar preconizar organização mundial saudar oms resultar preliminar realizar unidade saudar e acordar o planar contingência nacional o hospital enviar o amostrar o laboratório referência nacional instituto adolfo lutz contraprovar,saúde,25/02/2020 23h28, ,https://www.gov.br/saude/pt-br/assuntos/noticias/saude-investiga-possivel-caso-de-coronavirus-em-sp,1.0
Coronavírus: Ações da Latam despencam; governo diz que é ‘movimento planejado’  ,,solicitação recuperação judicial unir ações latir despencar roberto alvo diretor empresar comunicar medir difícil tomar necessário garantir o sustentabilidade o longo prazo n extraordinário,saúde,27/05/2020 10h41 ,27/05/2020 10h41 ,https://noticias.uol.com.br/videos/afp/2020/05/27/coronavirus-acoes-da-latam-despencam-governo-diz-que-e-movimento-planejado.htm,1.0
Inglaterra: médico cuida de cirurgião com covid-19 que o salvou há 20 anos  ,,médico voltar e encontrar hospital situação oposto dever o o coronavírus haver ano o cirurgião cardiovascular venkatachalam chandrasekaran doutor chandra realizar cirurgia salvar o vidar shakil rahman médico sofrer parar cardíaco o e ano o rahman cuidar chandra o cirurgião entrar hospital-geral epsom surrey inglaterra o diagnóstico positivar covid-19 dia tratamento alto o receber hospital doente e pneumonia médico extremamente gentil homem sábio e cirurgião mão abençoar o conhecer haver e ano contar rahman skynews o médico chandra cirurgião desenvolver técnico invasivo procedimento cardíaco resultar recuperação,saúde,15/05/2020 12h34 ,"Do UOL, em São Paulo",https://noticias.uol.com.br/internacional/ultimas-noticias/2020/05/15/medico-britanico-atende-cirugiao-com-covid-19-que-o-salvou-ha-20-anos.htm,1.0
PSOL recorre ao STF para que leitos de UTI privados sejam geridos pelo SUS  ,,o psol entrar hoje pedir stf supremo tribunal federal leito utis hospital particular passar o gerir sus único saudar durante o pandemia coronavírus o ação recurso decisão ministrar ricardo lewandowski negar o pedir decisão lewandowski afirmar medir tomar ente federativo acordar o recurso psol o pandemia atual colocar riscar o vidar milhar pessoa e medir salvar vidar decisão opcional dever executivo precaução o direito vidar preceito fundamental e caber o o judiciário direito valer o pedir,saúde,15/04/2020 12h03Atualizada em 15/04/2020 14h35 ,15/04/2020 12h03Atualizada em 15/04/2020 14h35 ,https://noticias.uol.com.br/politica/ultimas-noticias/2020/04/15/psol-leitos-uti.htm,1.0
TCU questiona uso da verba de combate à covid; portaria divide juristas  ,,"o distribuição r$ 13,8 bilião recurso união e município combater o coronavírus alvo questionamento órgão o tribunal contar união tcu e organização o frente nacional prefeito fnp critério distribuição e o destinação recurso principal controvérsia jurista ouvir estadão divergir clareza portar 1.666 assinar presidente jair bolsonaro início o distribuição questionar prefeito recurso disponibilizar união insuficiente o secretário executivo fnp gilberto perre critério utilizar distribuição claro e prefeito pedir esclarecimento o respeitar partilhar chamar o atenção o fato cidade concentrar caso e responder atendimento oneroso receber valorar per capitar inferior médio nacional portar 1.666 cidade acima milhão receber r$ 34,61 per capitar e cidade receber r$ 89,94 o tcu dia o saudar mostrar o lógico financiamento fundo estadual e municipal e definir o estratégia comprar durante o pandemia apresentar documento logístico e distribuição insumo o portar 1.666 prever recurso destinar o o custear ações e serviço saudar o enfrentamento emergência saudar público decorrente covid-19 abranger o atenção primário e especializar o vigilância saudar o assistência farmacêutico o aquisição suprimento insumo e produto hospitalar o custear procedimento tratamento infecção coronavírus",saúde,27/07/2020 08h01 ,Matheus Lara,https://noticias.uol.com.br/ultimas-noticias/agencia-estado/2020/07/27/verba-de-combate-a-covid-e-questionada-pelo-tcu.htm,1.0
"Idoso que se curou do coronavírus canta ao receber alta para agradecer à equipe do hospital, em Itumbiara; vídeo","Sapateiro de 81 anos ficou 10 dias na UTI e, quando foi para a enfermaria, também fez questão de cantar para alegrar os outros pacientes. Outras sete pessoas da família, entre elas um bebê de 4 meses, tiveram Covid-19, mas já se curaram.",o sapateiro gabriel teixeira ano ficar cantar alegrar paciente coronavírus enfermar cantar curar covid-19 e deixar o hospital campanha itumbiara sul d comemorar o vitória o doença entoar o louvar agradecer o profissional o atender o idoso morar morrinhos sul goiá o km distância itumbiara deixar o hospital sábado ° cadeira rodar e papel escrever vencer o covid-19 aplaudir profissional saudar hospital segurar balão comemorar o curar paciente sair gabriel cantar o salmo bíblia feliz oxigênio fraco melhorar o dia contar o esposo idoso dorli alves silvar ano família pessoa beber contaminar covid-19 ninguém precisar internar dorli atualmente família curar,saúde, 05/08/2020 11h36 ," Por Yanka Araújo, TV Anhanguera ",https://g1.globo.com/go/goias/noticia/2020/08/05/idoso-que-se-curou-do-coronavirus-canta-ao-receber-alta-para-agradecer-a-equipe-do-hospital-video.ghtml,1.0
Trump acusa FDA de reduzir velocidade dos testes de vacina para covid-19  ,,washington reuters o presidente unir donald trump acusar n sábado membro profundar órgão vigilância sanitário food and drug administration fda fornecer evidência trabalhar retardar o testar vacinar covid-19 eleição presidencial novembro postagem twitter trump o profundar fda tornar difícil empresar farmacêutico inscrever pessoa ensaio clínico testar vacinar e terapia o coronavírus o comentário vir o reuters publicar matéria exclusivo quinta-feira alto funcionário fda renunciar o administração trump aprovar vacinar mostrar seguro e eficaz obviamente esperar adiar o respostar novembro concentrar velocidade e salvar vidar escrever trump marcar o comissário fda stephen hahn tuíte,saúde,22/08/2020 14h28 ,22/08/2020 14h28 ,https://noticias.uol.com.br/ultimas-noticias/reuters/2020/08/22/trump-acusa-fda-de-reduzir-velocidade-dos-testes-de-vacina-para-covid-19.htm,1.0
Supremo mantém autonomia de estados e municípios para requisitar serviços de saúde na pandemia,Confederação pediu ao Supremo que processos fossem avaliados pelo Ministério da Saúde para evitar disputas entre governos; relator apontou 'falso problema'. Decisão foi unânime.,o plenário supremo tribunal federal stf decidir n quarta-feira unanimidade requisição e serviço privar e município o enfrentamento pandemia covid-19 precisar autorização prévio ministério saudar o resultar governo locar manter o autonomia existir hoje requerer leito e equipamento hospital privar – o devido indenização posterior o requisição profissional saudar atuem setor privar o decisão tomar ação confederação nacional saudar cns lei estabelecer medir enfrentamento pandemia o entidade o d requisição controlo prévio união perturbar o eficácia político único enfrentamento crise sanitário ação o cns conflito requisição ente e haver tentativo resolver problema estruturar saudar solicitação – dever excepcional – razão pandemia,saúde, 02/09/2020 18h33 ," Por Luiz Felipe Barbiéri, G1 — Brasília ",https://g1.globo.com/politica/noticia/2020/09/02/supremo-mantem-autonomia-de-estados-e-municipios-para-requisitar-servicos-de-saude-na-pandemia.ghtml,1.0
"Harry e Meghan se isolam em mansão de R$ 105 mi cedida por ator, diz jornal  ",,o príncipe harry o duque meghan markle e o filhar archie prevenir coronavírus mansão luxuoso avaliar milhão dólar quase r$ milhão acordar o cotação atual cedido dono o ator tyler perry o informação publicar jornal daily mail reinar unir o mansão ficar beverly hills região o angeles unir e vizinho rico e discreto o princípio gerar preocupação polêmicas tabloides o daily mail o propriedade banheiro portão extremamente guardar equipar segurança e ficar localizar condomínio fechar alto padrão beverly ridge montanha califórnio meghan e harry extremamente cauteloso manter base o angeles segredar o time d ajudar o escolher o localização transição tranquilo o angeles fonte anônima o o daily mail,saúde,07/05/2020 18h52 ,07/05/2020 18h52 ,https://tvefamosos.uol.com.br/noticias/redacao/2020/05/07/harry-e-meghan-se-isolam-em-mansao-de-r-105-mi-cedida-por-ator-diz-jornal.htm,1.0
Governo de SP prevê 110 mil mortes  ,,balançar apresentar n segunda-feira governar paulo prever medir restritivo adotadas o registrar morte decorrência coronavírus o quarentenar adiar semana governador joão doria crítico o o presidente jair bolsonaro,saúde,07/04/2020 02h16 ,07/04/2020 02h16 ,https://noticias.uol.com.br/videos/afp/2020/04/07/governo-de-sp-preve-110-mil-mortes.htm,1.0
Autoridades do Japão orientam a não gritar em montanhas-russas para conter coronavírus,"Parque temático Fuji-Q Highland lançou campanha para estimular os frequentadores a 'segurarem o grito'. Torcedores não poderão cantar, bater palmas ou agitar bandeiras durante jogos de futebol. ",autoridade japão orientar visitante parque diversão o gritar montanhas-russas e torcedor o cantar durante jogo futebol acordar o “ the guardian ” o medir o objetivo ajudar o evitar o propagação coronavírus país o japão sair emergência enfrentar alto caso covid-19 capital tóquio o recomendação associação parque diversão país agradar frequentador parque temático fuji-q highland reabrir 1º junho fechamento dever pandemia cliente impossível ficar passeio principalmente o montanha-russa fujiyama o brinquedo atingir velocidade km h cair metro determinar pontar durante percurso km,saúde, 09/07/2020 11h57 , Por G1 ,https://g1.globo.com/mundo/noticia/2020/07/09/autoridades-do-japao-orientam-a-nao-gritar-em-montanhas-russas-ou-cantar-em-jogos-de-futebol-para-conter-coronvirus.ghtml,1.0
Covid-19: Brasil registra 2.094.293 recuperados,,"superior quantidade caso ativos pessoa acompanhamento médico informação atualizadas s 18h30 d sábado 08/08 o brasil registrar n sábado 08/08 2.094.293 recuperar covid-19 mundo estima-se milhão pessoa diagnosticar covid-19 recuperar o pessoa curar brasil superior quantidade caso ativos 817.642 paciente acompanhamento médico o registrar pessoa curar representar total caso acumular 69,5 informação atualizadas s 18h30 e enviar secretariar estadual e municipal saudar o doença presentar 98,8 município brasileiro cidade 3.838 possuir e caso o óbito 3.627 município registro 65,1 d apresentar óbito confirmar",saúde,08/08/2020 22h00,Da Agência Saúde Atendimento à imprensa: (61) 3315.3580,https://www.gov.br/saude/pt-br/assuntos/noticias/covid-19-brasil-registra-2-094-293-recuperados,1.0
Toque de recolher na França a partir das 20h incluirá Ano Novo  ,,parir afp o frança impor tocar recolher o 20h locar entrar vigor dezembro e incluir o noite ano conter caso covid-19 anunciar o primeiro-ministro jean castex n quinta-feira o noite ano concentrar ingrediente surtir epidêmico afirmar o premiê insistir respeitar o regrar tocar recolher ficar casar dezembro exceção feito o noite natal,saúde,10/12/2020 14h46 ,10/12/2020 14h46 ,https://noticias.uol.com.br/ultimas-noticias/afp/2020/12/10/toque-de-recolher-na-franca-a-partir-das-20h-incluira-ano-novo.htm,1.0
